{
  "hd_texture": {
    "whole": {
      "raw_score": 89.6,
      "ui_score": 85,
      "output_mask_name": "hd_texture_output.png"
    }
  },
  "hd_acne": {
    "whole": {
      "raw_score": 76.63380432128906,
      "ui_score": 86,
      "output_mask_name": "hd_acne_output.png"
    }
  },
  "hd_pore": {
    "forehead": {
      "raw_score": 93.39301300048828,
      "ui_score": 90,
      "output_mask_name": "hd_pore_output_forehead.png"
    },
    "nose": {
      "raw_score": 83.91831970214844,
      "ui_score": 82,
      "output_mask_name": "hd_pore_output_nose.png"
    },
    "cheek": {
      "raw_score": 59.73100280761719,
      "ui_score": 72,
      "output_mask_name": "hd_pore_output_cheek.png"
    },
    "whole": {
      "raw_score": 74.1933364868164,
      "ui_score": 78,
      "output_mask_name": "hd_pore_output_all.png"
    }
  },
  "hd_wrinkle": {
    "forehead": {
      "raw_score": 94.4003826379776,
      "ui_score": 88,
      "output_mask_name": "hd_wrinkle_output_forehead.png"
    },
    "glabellar": {
      "raw_score": 99.0,
      "ui_score": 97,
      "output_mask_name": "hd_wrinkle_output_glabellar.png"
    },
    "crowfeet": {
      "raw_score": 97.63447806239128,
      "ui_score": 95,
      "output_mask_name": "hd_wrinkle_output_crowfeet.png"
    },
    "periocular": {
      "raw_score": 79.45497035980225,
      "ui_score": 76,
      "output_mask_name": "hd_wrinkle_output_periocular.png"
    },
    "nasolabial": {
      "raw_score": 86.13362312316895,
      "ui_score": 79,
      "output_mask_name": "hd_wrinkle_output_nasolabial.png"
    },
    "marionette": {
      "raw_score": 99.0,
      "ui_score": 97,
      "output_mask_name": "hd_wrinkle_output_marionette.png"
    },
    "whole": {
      "raw_score": 87.72199988365173,
      "ui_score": 79,
      "output_mask_name": "hd_wrinkle_output_all.png"
    }
  },
  "all": {
    "score": 82.0
  }
}